Plot,State,Region,Site,,,,
bacher_creek_1_ctrl_one_yr,OR,Western Cordillera,bacher_creek,,,,
bacher_creek_2_ctrl_one_yr,OR,Western Cordillera,bacher_creek,,,,
bacher_creek_3_ctrl_one_yr,OR,Western Cordillera,bacher_creek,,,,
Berry_1_ctrl_one_yr,WY,West and South Central Semiarid Prairies,Berry,,,,
Berry_2_ctrl_one_yr,WY,West and South Central Semiarid Prairies,Berry,,,,
Berry_3_ctrl_one_yr,WY,West and South Central Semiarid Prairies,Berry,,,,
Berry_4_ctrl_one_yr,WY,West and South Central Semiarid Prairies,Berry,,,,
big_flat_1_ctrl_one_yr,ID,Cold Deserts,big_flat,,,,
big_flat_2_ctrl_one_yr,ID,Cold Deserts,big_flat,,,,
big_flat_3_ctrl_one_yr,ID,Cold Deserts,big_flat,,,,
Bison_range_1_ctrl_one_yr,MT,Western Cordillera,Bison_range,,,,
Bison_range_2_ctrl_one_yr,MT,Western Cordillera,Bison_range,,,,
Bison_range_3_ctrl_one_yr,MT,Western Cordillera,Bison_range,,,,
Bison_Range_CEST_ctrl_one_yr_1,MT,Cold Deserts,Bison_Range,,,,
Bison_Range_CEST_ctrl_one_yr_2,MT,Cold Deserts,Bison_Range,,,,
Bison_Range_CEST_ctrl_one_yr_3,MT,Cold Deserts,Bison_Range,,,,
Bison_Range_PORE_ctrl_one_yr_1,MT,Cold Deserts,Bison_Range,,,,
Bison_Range_PORE_ctrl_one_yr_2,MT,Cold Deserts,Bison_Range,,,,
Bison_Range_PORE_ctrl_one_yr_3,MT,Cold Deserts,Bison_Range,,,,
Bottom_1_ctrl_one_yr,WY,West and South Central Semiarid Prairies,WY-bottom_top_drawer_bunker,,,,
Breaks_1_ctrl_one_yr,MT,West and South Central Semiarid Prairies,Breaks,,,,
Breaks_2_ctrl_one_yr,MT,West and South Central Semiarid Prairies,Breaks,,,,
Breaks_3_ctrl_one_yr,MT,West and South Central Semiarid Prairies,Breaks,,,,
Bunker_6_ctrl_one_yr,WY,West and South Central Semiarid Prairies,WY-bottom_top_drawer_bunker,,,,
Canyon_Grassland_CCS1_PSSP1_ctrl_one_yr,ID,Western Cordillera,Canyon_Grassland_CCS,,,,
Canyon_Grassland_CCS1_PSSP2_ctrl_one_yr,ID,Western Cordillera,Canyon_Grassland_CCS,,,,
Canyon_Grassland_CCS1_PSSP3_ctrl_one_yr,ID,Western Cordillera,Canyon_Grassland_CCS,,,,
Canyon_Grassland_CCS2_FEID1_ctrl_one_yr,ID,Western Cordillera,Canyon_Grassland_CCS,,,,
Canyon_Grassland_CCS2_FEID2_ctrl_one_yr,ID,Western Cordillera,Canyon_Grassland_CCS,,,,
Canyon_Grassland_CCS2_FEID3_ctrl_one_yr,ID,Western Cordillera,Canyon_Grassland_CCS,,,,
Canyon_Grassland_CCS3_SHRUB1_ctrl_one_yr,ID,Western Cordillera,Canyon_Grassland_CCS,,,,
Canyon_Grassland_CCS3_SHRUB2_ctrl_one_yr,ID,Western Cordillera,Canyon_Grassland_CCS,,,,
Canyon_Grassland_CCS3_SHRUB3_ctrl_one_yr,ID,Western Cordillera,Canyon_Grassland_CCS,,,,
Canyon_Grassland_CG1_PSSP1_ctrl_one_yr,ID,Cold Deserts,Canyon_Grassland_CG,,,,
Canyon_Grassland_CG1_PSSP2_ctrl_one_yr,ID,Cold Deserts,Canyon_Grassland_CG,,,,
Canyon_Grassland_CG1_PSSP3_ctrl_one_yr,ID,Cold Deserts,Canyon_Grassland_CG,,,,
Canyon_Grassland_CG2_FEID1_ctrl_one_yr,ID,Cold Deserts,Canyon_Grassland_CG,,,,
Canyon_Grassland_CG2_FEID2_ctrl_one_yr,ID,Cold Deserts,Canyon_Grassland_CG,,,,
Canyon_Grassland_CG2_FEID3_ctrl_one_yr,ID,Cold Deserts,Canyon_Grassland_CG,,,,
Canyon_Grassland_CG3_SHRUB1_ctrl_one_yr,ID,Cold Deserts,Canyon_Grassland_CG,,,,
Canyon_Grassland_CG3_SHRUB2_ctrl_one_yr,ID,Cold Deserts,Canyon_Grassland_CG,,,,
Canyon_Grassland_CG3_SHRUB3_ctrl_one_yr,ID,Cold Deserts,Canyon_Grassland_CG,,,,
Canyon_Grassland_TC1_PSSP1_ctrl_one_yr,ID,Western Cordillera,Canyon_Grassland_TC,,,,
Canyon_Grassland_TC1_PSSP2_ctrl_one_yr,ID,Western Cordillera,Canyon_Grassland_TC,,,,
Canyon_Grassland_TC1_PSSP3_ctrl_one_yr,ID,Western Cordillera,Canyon_Grassland_TC,,,,
Canyon_Grassland_TC2_SHRUB1_ctrl_one_yr,ID,Western Cordillera,Canyon_Grassland_TC,,,,
Canyon_Grassland_TC2_SHRUB2_ctrl_one_yr,ID,Western Cordillera,Canyon_Grassland_TC,,,,
Canyon_Grassland_TC2_SHRUB3_ctrl_one_yr,ID,Western Cordillera,Canyon_Grassland_TC,,,,
Canyon_Grassland_TC3_FEID1_ctrl_one_yr,ID,Cold Deserts,Canyon_Grassland_TC,,,,
Canyon_Grassland_TC3_FEID2_ctrl_one_yr,ID,Cold Deserts,Canyon_Grassland_TC,,,,
Canyon_Grassland_TC3_FEID3_ctrl_one_yr,ID,Cold Deserts,Canyon_Grassland_TC,,,,
Canyon_Grassland_TM1_PSSP1_ctrl_one_yr,ID,Cold Deserts,Canyon_Grassland_TM,,,,
Canyon_Grassland_TM1_PSSP2_ctrl_one_yr,ID,Cold Deserts,Canyon_Grassland_TM,,,,
Canyon_Grassland_TM1_PSSP3_ctrl_one_yr,ID,Cold Deserts,Canyon_Grassland_TM,,,,
Canyon_Grassland_TM2_SHRUB1_ctrl_one_yr,ID,Cold Deserts,Canyon_Grassland_TM,,,,
Canyon_Grassland_TM2_SHRUB2_ctrl_one_yr,ID,Cold Deserts,Canyon_Grassland_TM,,,,
Canyon_Grassland_TM2_SHRUB3_ctrl_one_yr,ID,Cold Deserts,Canyon_Grassland_TM,,,,
Canyon_Grassland_TM3_FEID1_ctrl_one_yr,ID,Cold Deserts,Canyon_Grassland_TM,,,,
Canyon_Grassland_TM3_FEID2_ctrl_one_yr,ID,Cold Deserts,Canyon_Grassland_TM,,,,
Canyon_Grassland_TM3_FEID3_ctrl_one_yr,ID,Cold Deserts,Canyon_Grassland_TM,,,,
Canyon_Grassland_WWR1_FEID1_ctrl_one_yr,ID,Western Cordillera,Canyon_Grassland_WWR,,,,
Canyon_Grassland_WWR1_FEID2_ctrl_one_yr,ID,Western Cordillera,Canyon_Grassland_WWR,,,,
Canyon_Grassland_WWR1_FEID3_ctrl_one_yr,ID,Western Cordillera,Canyon_Grassland_WWR,,,,
Canyon_Grassland_WWR2_PSSP1_ctrl_one_yr,ID,Western Cordillera,Canyon_Grassland_WWR,,,,
Canyon_Grassland_WWR2_PSSP2_ctrl_one_yr,ID,Western Cordillera,Canyon_Grassland_WWR,,,,
Canyon_Grassland_WWR2_PSSP3_ctrl_one_yr,ID,Western Cordillera,Canyon_Grassland_WWR,,,,
Canyon_Grassland_WWR3_SHRUB1_ctrl_one_yr,ID,Western Cordillera,Canyon_Grassland_WWR,,,,
Canyon_Grassland_WWR3_SHRUB2_ctrl_one_yr,ID,Western Cordillera,Canyon_Grassland_WWR,,,,
Canyon_Grassland_WWR3_SHRUB3_ctrl_one_yr,ID,Western Cordillera,Canyon_Grassland_WWR,,,,
catcreek_101_ctrl_one_yr,WY,West and South Central Semiarid Prairies,catcreek,,,,
catcreek_101_ctrl_one_yr,WY,West and South Central Semiarid Prairies,catcreek,,,,
catcreek_213_ctrl_one_yr,WY,West and South Central Semiarid Prairies,catcreek,,,,
catcreek_213_ctrl_one_yr,WY,West and South Central Semiarid Prairies,catcreek,,,,
catcreek_307_ctrl_one_yr,WY,West and South Central Semiarid Prairies,catcreek,,,,
catcreek_307_ctrl_one_yr,WY,West and South Central Semiarid Prairies,catcreek,,,,
chipmunk_road_1_ctrl_one_yr,ID,Cold Deserts,chipmunk,,,,
chipmunk_road_2_ctrl_one_yr,ID,Cold Deserts,chipmunk,,,,
chipmunk_road_3_ctrl_one_yr,ID,Cold Deserts,chipmunk,,,,
CSKT_1_ctrl_one_yr,MT,Western Cordillera,CSKT,,,,
CSKT_2_ctrl_one_yr,MT,Western Cordillera,CSKT,,,,
CSKT_3_ctrl_one_yr,MT,Western Cordillera,CSKT,,,,
decker_A1_1_ctrl_one_yr,MT,West and South Central Semiarid Prairies,decker,,,,
decker_A2__ctrl_one_yr,MT,West and South Central Semiarid Prairies,decker,,,,
decker_B1__ctrl_one_yr,MT,West and South Central Semiarid Prairies,decker,,,,
decker_C1__ctrl_one_yr,MT,West and South Central Semiarid Prairies,decker,,,,
decker_C2__ctrl_one_yr,MT,West and South Central Semiarid Prairies,decker,,,,
decker_C3__ctrl_one_yr,MT,West and South Central Semiarid Prairies,decker,,,,
Draw_3_ctrl_one_yr,WY,West and South Central Semiarid Prairies,WY-bottom_top_drawer_bunker,,,,
FK_Cottonwood_1_ctrl_one_yr,MT,West and South Central Semiarid Prairies,FK,,,,
FK_Cottonwood_2_ctrl_one_yr,MT,West and South Central Semiarid Prairies,FK,,,,
FK_Cottonwood_3_ctrl_one_yr,MT,West and South Central Semiarid Prairies,FK,,,,
FK_East_Hill_1_ctrl_one_yr,MT,West and South Central Semiarid Prairies,FK,,,,
FK_East_Hill_2_ctrl_one_yr,MT,West and South Central Semiarid Prairies,FK,,,,
FK_East_Hill_3_ctrl_one_yr,MT,West and South Central Semiarid Prairies,FK,,,,
FK_Hogsback_1_ctrl_one_yr,MT,West and South Central Semiarid Prairies,FK,,,,
FK_Hogsback_2_ctrl_one_yr,MT,West and South Central Semiarid Prairies,FK,,,,
FK_Hogsback_3_ctrl_one_yr,MT,West and South Central Semiarid Prairies,FK,,,,
FK_Lone_Pine_1_ctrl_one_yr,MT,West and South Central Semiarid Prairies,FK,,,,
FK_Lone_Pine_2_ctrl_one_yr,MT,West and South Central Semiarid Prairies,FK,,,,
FK_Lone_Pine_3_ctrl_one_yr,MT,West and South Central Semiarid Prairies,FK,,,,
Flem_1_ctrl_one_yr,MT,West and South Central Semiarid Prairies,Flem,,,,
Flem_2_ctrl_one_yr,MT,West and South Central Semiarid Prairies,Flem,,,,
Flem_3_ctrl_one_yr,MT,West and South Central Semiarid Prairies,Flem,,,,
four_mile_road_1_ctrl_one_yr,ID,Cold Deserts,four_mile_road,,,,
four_mile_road_2_ctrl_one_yr,ID,Cold Deserts,four_mile_road,,,,
four_mile_road_3_ctrl_one_yr,ID,Cold Deserts,four_mile_road,,,,
gravel_pit_1_ctrl_one_yr,ID,Cold Deserts,gravel_pit,,,,
gravel_pit_2_ctrl_one_yr,ID,Cold Deserts,gravel_pit,,,,
gravel_pit_3_ctrl_one_yr,ID,Cold Deserts,gravel_pit,,,,
highway_20_1_ctrl_one_yr,ID,Cold Deserts,highway_20,,,,
highway_20_2_ctrl_one_yr,ID,Cold Deserts,highway_20,,,,
highway_20_3_ctrl_one_yr,ID,Cold Deserts,highway_20,,,,
Hyattville_1_ctrl_one_yr,WY,Cold Deserts,Hyattville,,,,
Hyattville_10_ctrl_one_yr,WY,Cold Deserts,Hyattville,,,,
Hyattville_106_ctrl_one_yr,WY,Cold Deserts,Hyattville,,,,
Hyattville_118_ctrl_one_yr,WY,Cold Deserts,Hyattville,,,,
Hyattville_124_ctrl_one_yr,WY,Cold Deserts,Hyattville,,,,
Hyattville_133_ctrl_one_yr,WY,Cold Deserts,Hyattville,,,,
Hyattville_145_ctrl_one_yr,WY,Cold Deserts,Hyattville,,,,
Hyattville_163_ctrl_one_yr,WY,Cold Deserts,Hyattville,,,,
Hyattville_172_ctrl_one_yr,WY,Cold Deserts,Hyattville,,,,
Hyattville_178_ctrl_one_yr,WY,Cold Deserts,Hyattville,,,,
Hyattville_187_ctrl_one_yr,WY,Cold Deserts,Hyattville,,,,
Hyattville_211_ctrl_one_yr,WY,Cold Deserts,Hyattville,,,,
Hyattville_214_ctrl_one_yr,WY,Cold Deserts,Hyattville,,,,
Hyattville_25_ctrl_one_yr,WY,Cold Deserts,Hyattville,,,,
Hyattville_31_ctrl_one_yr,WY,Cold Deserts,Hyattville,,,,
Hyattville_40_ctrl_one_yr,WY,Cold Deserts,Hyattville,,,,
Hyattville_49_ctrl_one_yr,WY,Cold Deserts,Hyattville,,,,
Hyattville_55_ctrl_one_yr,WY,Cold Deserts,Hyattville,,,,
Hyattville_61_ctrl_one_yr,WY,Cold Deserts,Hyattville,,,,
Hyattville_7_ctrl_one_yr,WY,Cold Deserts,Hyattville,,,,
Hyattville_73_ctrl_one_yr,WY,Cold Deserts,Hyattville,,,,
Hyattville_76_ctrl_one_yr,WY,Cold Deserts,Hyattville,,,,
Hyattville_88_ctrl_one_yr,WY,Cold Deserts,Hyattville,,,,
Hyattville_91_ctrl_one_yr,WY,Cold Deserts,Hyattville,,,,
ida_belle_1_ctrl_one_yr,ID,Cold Deserts,ida_belle,,,,
ida_belle_2_ctrl_one_yr,ID,Cold Deserts,ida_belle,,,,
ida_belle_3_ctrl_one_yr,ID,Cold Deserts,ida_belle,,,,
jackson_creek_1_ctrl_one_yr,ID,Cold Deserts,jackson_creek,,,,
jackson_creek_2_ctrl_one_yr,ID,Cold Deserts,jackson_creek,,,,
jackson_creek_3_ctrl_one_yr,ID,Cold Deserts,jackson_creek,,,,
julia-herb2-1_17_ctrl_one_yr,WY,West and South Central Semiarid Prairies,julia-herb,,,,
julia-herb2-2_13_ctrl_one_yr,WY,West and South Central Semiarid Prairies,julia-herb,,,,
julia-herb2-3_10_ctrl_one_yr,WY,West and South Central Semiarid Prairies,julia-herb,,,,
julia-herb2-4_2_ctrl_one_yr,WY,West and South Central Semiarid Prairies,julia-herb,,,,
Kane_1_ctrl_one_yr,WY,West and South Central Semiarid Prairies,Kane,,,,
Kane_2_ctrl_one_yr,WY,West and South Central Semiarid Prairies,Kane,,,,
Kane_3_ctrl_one_yr,WY,West and South Central Semiarid Prairies,Kane,,,,
Kane_4_ctrl_one_yr,WY,West and South Central Semiarid Prairies,Kane,,,,
larkspur_101_ctrl_one_yr,WY,Cold Deserts,larkspur,,,,
larkspur_212_ctrl_one_yr,WY,Cold Deserts,larkspur,,,,
larkspur_313_ctrl_one_yr,WY,Cold Deserts,larkspur,,,,
larkspur_404_ctrl_one_yr,WY,Cold Deserts,larkspur,,,,
Masters_North_1_ctrl_one_yr,WY,West and South Central Semiarid Prairies,Masters_North,,,,
Masters_North_2_ctrl_one_yr,WY,West and South Central Semiarid Prairies,Masters_North,,,,
Masters_North_3_ctrl_one_yr,WY,West and South Central Semiarid Prairies,Masters_North,,,,
Masters_North_4_ctrl_one_yr,WY,West and South Central Semiarid Prairies,Masters_North,,,,
Masters_South_1_ctrl_one_yr,WY,West and South Central Semiarid Prairies,Masters_South,,,,
Masters_South_2_ctrl_one_yr,WY,West and South Central Semiarid Prairies,Masters_South,,,,
Masters_South_3_ctrl_one_yr,WY,West and South Central Semiarid Prairies,Masters_South,,,,
Masters_South_4_ctrl_one_yr,WY,West and South Central Semiarid Prairies,Masters_South,,,,
Missoula_Landfill_CEST_ctrl_one_yr_1,MT,Cold Deserts,Missoula_Landfill,,,,
Missoula_Landfill_CEST_ctrl_one_yr_2,MT,Cold Deserts,Missoula_Landfill,,,,
Missoula_Landfill_CEST_ctrl_one_yr_3,MT,Cold Deserts,Missoula_Landfill,,,,
Missoula_Landfill_PORE_ctrl_one_yr_1,MT,Cold Deserts,Missoula_Landfill,,,,
Missoula_Landfill_PORE_ctrl_one_yr_2,MT,Cold Deserts,Missoula_Landfill,,,,
Missoula_Landfill_PORE_ctrl_one_yr_3,MT,Cold Deserts,Missoula_Landfill,,,,
MPG1_1_ctrl_one_yr,MT,Western Cordillera,MPG,,,,
MPG1_2_ctrl_one_yr,MT,Western Cordillera,MPG,,,,
MPG1_3_ctrl_one_yr,MT,Western Cordillera,MPG,,,,
MPG2_1_ctrl_one_yr,MT,Western Cordillera,MPG,,,,
MPG2_2_ctrl_one_yr,MT,Western Cordillera,MPG,,,,
MPG2_3_ctrl_one_yr,MT,Western Cordillera,MPG,,,,
MPG3_1_ctrl_one_yr,MT,Western Cordillera,MPG,,,,
MPG3_2_ctrl_one_yr,MT,Western Cordillera,MPG,,,,
MPG3_3_ctrl_one_yr,MT,Western Cordillera,MPG,,,,
Oren_1_ctrl_one_yr,WY,West and South Central Semiarid Prairies,Oren,,,,
Oren_2_ctrl_one_yr,WY,West and South Central Semiarid Prairies,Oren,,,,
Oren_3_ctrl_one_yr,WY,West and South Central Semiarid Prairies,Oren,,,,
Oren_4_ctrl_one_yr,WY,West and South Central Semiarid Prairies,Oren,,,,
Palouse_Prairie_airport_a_FEID1_ctrl_one_yr,ID,Western Cordillera,Palouse_Prairie_airport,,,,
Palouse_Prairie_airport_x_FEID1_ctrl_one_yr,WA,Cold Deserts,Palouse_Prairie_airport,,,,
Palouse_Prairie_bethel_canyon_c_SHRUB1_ctrl_one_yr,ID,Western Cordillera,Palouse_Prairie_bethel_canyon,,,,
Palouse_Prairie_bethel_canyon_d_SHRUB1_ctrl_one_yr,ID,Western Cordillera,Palouse_Prairie_bethel_canyon,,,,
Palouse_Prairie_driscoll_ridge_x_SHRUB1_ctrl_one_yr,ID,Western Cordillera,Palouse_Prairie_driscoll_ridge,,,,
Palouse_Prairie_jonejack_mountain_b_PSSP1_ctrl_one_yr,ID,Cold Deserts,Palouse_Prairie_jonejack_mountain,,,,
Palouse_Prairie_jonejack_mountain_c_PSSP1_ctrl_one_yr,ID,Cold Deserts,Palouse_Prairie_jonejack_mountain,,,,
Palouse_Prairie_kamiak_butte_g_SHRUB1_ctrl_one_yr,WA,Cold Deserts,Palouse_Prairie_kamiak_butte,,,,
Palouse_Prairie_kamiak_butte_h_SHRUB1_ctrl_one_yr,WA,Cold Deserts,Palouse_Prairie_kamiak_butte,,,,
Palouse_Prairie_kamiak_butte_i_PSSP1_ctrl_one_yr,WA,Cold Deserts,Palouse_Prairie_kamiak_butte,,,,
Palouse_Prairie_kamiak_butte_j_SHRUB1_ctrl_one_yr,WA,Cold Deserts,Palouse_Prairie_kamiak_butte,,,,
Palouse_Prairie_kamiak_butte_l_PSSP1_ctrl_one_yr,WA,Cold Deserts,Palouse_Prairie_kamiak_butte,,,,
Palouse_Prairie_larson_road_a_SHRUB1_ctrl_one_yr,ID,Western Cordillera,Palouse_Prairie_larson_road,,,,
Palouse_Prairie_larson_road_b_SHRUB1_ctrl_one_yr,ID,Western Cordillera,Palouse_Prairie_larson_road,,,,
Palouse_Prairie_larson_road_x_FEID1_ctrl_one_yr,ID,Western Cordillera,Palouse_Prairie_larson_road,,,,
Palouse_Prairie_paradise_ridge_b_PSSP1_ctrl_one_yr,ID,Western Cordillera,Palouse_Prairie_paradise_ridge,,,,
Palouse_Prairie_paradise_ridge_c_SHRUB1_ctrl_one_yr,ID,Western Cordillera,Palouse_Prairie_paradise_ridge,,,,
Palouse_Prairie_paradise_ridge_e_PSSP1_ctrl_one_yr,ID,Western Cordillera,Palouse_Prairie_paradise_ridge,,,,
Palouse_Prairie_paradise_ridge_f_PSSP1_ctrl_one_yr,ID,Western Cordillera,Palouse_Prairie_paradise_ridge,,,,
Palouse_Prairie_paradise_ridge_h_PSSP1_ctrl_one_yr,ID,Western Cordillera,Palouse_Prairie_paradise_ridge,,,,
Palouse_Prairie_paradise_ridge_i_SHRUB1_ctrl_one_yr,ID,Western Cordillera,Palouse_Prairie_paradise_ridge,,,,
Palouse_Prairie_paradise_ridge_l_FEID1_ctrl_one_yr,ID,Western Cordillera,Palouse_Prairie_paradise_ridge,,,,
Palouse_Prairie_paradise_ridge_x_SHRUB1_ctrl_one_yr,ID,Western Cordillera,Palouse_Prairie_paradise_ridge,,,,
Palouse_Prairie_rimrock_road_b_FEID1_ctrl_one_yr,WA,Cold Deserts,Palouse_Prairie_rimrock_road,,,,
Palouse_Prairie_rimrock_road_d_FEID1_ctrl_one_yr,WA,Cold Deserts,Palouse_Prairie_rimrock_road,,,,
Palouse_Prairie_rimrock_road_e_FEID1_ctrl_one_yr,WA,Cold Deserts,Palouse_Prairie_rimrock_road,,,,
Palouse_Prairie_rimrock_road_f_FEID1_ctrl_one_yr,WA,Cold Deserts,Palouse_Prairie_rimrock_road,,,,
Palouse_Prairie_rimrock_road_g_FEID1_ctrl_one_yr,WA,Cold Deserts,Palouse_Prairie_rimrock_road,,,,
Palouse_Prairie_rimrock_road_x_FEID1_ctrl_one_yr,WA,Cold Deserts,Palouse_Prairie_rimrock_road,,,,
Palouse_Prairie_rose_creek_a_PSSP1_ctrl_one_yr,WA,Cold Deserts,Palouse_Prairie_rose_creek,,,,
Palouse_Prairie_rose_creek_b_FEID1_ctrl_one_yr,WA,Cold Deserts,Palouse_Prairie_rose_creek,,,,
Palouse_Prairie_rose_creek_c_FEID1_ctrl_one_yr,WA,Cold Deserts,Palouse_Prairie_rose_creek,,,,
Palouse_Prairie_rose_creek_x_SHRUB1_ctrl_one_yr,WA,Cold Deserts,Palouse_Prairie_rose_creek,,,,
Palouse_Prairie_smoot_hill_x_PSSP1_ctrl_one_yr,WA,Cold Deserts,Palouse_Prairie_smoot_hill,,,,
Palouse_Prairie_steptoe_butte_a_PSSP1_ctrl_one_yr,WA,Cold Deserts,Palouse_Prairie_steptoe_butte,,,,
Palouse_Prairie_steptoe_butte_c_FEID1_ctrl_one_yr,WA,Cold Deserts,Palouse_Prairie_steptoe_butte,,,,
Palouse_Prairie_steptoe_butte_d_FEID1_ctrl_one_yr,WA,Cold Deserts,Palouse_Prairie_steptoe_butte,,,,
Palouse_Prairie_steptoe_butte_g_SHRUB1_ctrl_one_yr,WA,Cold Deserts,Palouse_Prairie_steptoe_butte,,,,
Palouse_Prairie_steptoe_butte_i_PSSP1_ctrl_one_yr,WA,Cold Deserts,Palouse_Prairie_steptoe_butte,,,,
Palouse_Prairie_steptoe_butte_j_SHRUB1_ctrl_one_yr,WA,Cold Deserts,Palouse_Prairie_steptoe_butte,,,,
Palouse_Prairie_steptoe_butte_p_FEID1_ctrl_one_yr,WA,Cold Deserts,Palouse_Prairie_steptoe_butte,,,,
Palouse_Prairie_steptoe_butte_q_PSSP1_ctrl_one_yr,WA,Cold Deserts,Palouse_Prairie_steptoe_butte,,,,
Palouse_Prairie_tomer_butte_c_PSSP1_ctrl_one_yr,ID,Western Cordillera,Palouse_Prairie_tomer_butte,,,,
Palouse_Prairie_tomer_butte_x_PSSP1_ctrl_one_yr,ID,Western Cordillera,Palouse_Prairie_tomer_butte,,,,
Palouse_Prairie_union_flat_creek_a_SHRUB1_ctrl_one_yr,WA,Cold Deserts,Palouse_Prairie_union_flat,,,,
pine_town_road_1_ctrl_one_yr,OR,Western Cordillera,pine_town_road,,,,
pine_town_road_2_ctrl_one_yr,OR,Western Cordillera,pine_town_road,,,,
pine_town_road_3_ctrl_one_yr,OR,Western Cordillera,pine_town_road,,,,
Pinedale_100_ctrl_one_yr,WY,Cold Deserts,Pinedale,,,,
Pinedale_112_ctrl_one_yr,WY,Cold Deserts,Pinedale,,,,
Pinedale_130_ctrl_one_yr,WY,Cold Deserts,Pinedale,,,,
Pinedale_133_ctrl_one_yr,WY,Cold Deserts,Pinedale,,,,
Pinedale_145_ctrl_one_yr,WY,Cold Deserts,Pinedale,,,,
Pinedale_148_ctrl_one_yr,WY,Cold Deserts,Pinedale,,,,
Pinedale_166_ctrl_one_yr,WY,Cold Deserts,Pinedale,,,,
Pinedale_169_ctrl_one_yr,WY,Cold Deserts,Pinedale,,,,
Pinedale_184_ctrl_one_yr,WY,Cold Deserts,Pinedale,,,,
Pinedale_31_ctrl_one_yr,WY,Cold Deserts,Pinedale,,,,
Pinedale_34_ctrl_one_yr,WY,Cold Deserts,Pinedale,,,,
Pinedale_46_ctrl_one_yr,WY,Cold Deserts,Pinedale,,,,
Pinedale_55_ctrl_one_yr,WY,Cold Deserts,Pinedale,,,,
Pinedale_70_ctrl_one_yr,WY,Cold Deserts,Pinedale,,,,
Pinedale_79_ctrl_one_yr,WY,Cold Deserts,Pinedale,,,,
Pinedale_88_ctrl_one_yr,WY,Cold Deserts,Pinedale,,,,
Pinedale_97_ctrl_one_yr,WY,Cold Deserts,Pinedale,,,,
prairie_road_1_ctrl_one_yr,ID,Cold Deserts,prairie_road,,,,
prairie_road_2_ctrl_one_yr,ID,Cold Deserts,prairie_road,,,,
prairie_road_3_ctrl_one_yr,ID,Cold Deserts,prairie_road,,,,
prairiedog_101_ctrl_one_yr,WY,West and South Central Semiarid Prairies,prairiedog,,,,
prairiedog_203_ctrl_one_yr,WY,West and South Central Semiarid Prairies,prairiedog,,,,
prairiedog_205_ctrl_one_yr,WY,West and South Central Semiarid Prairies,prairiedog,,,,
prairiedog_301_ctrl_one_yr,WY,West and South Central Semiarid Prairies,prairiedog,,,,
prairiedog_310_ctrl_one_yr,WY,West and South Central Semiarid Prairies,prairiedog,,,,
prairiedog_402_ctrl_one_yr,WY,West and South Central Semiarid Prairies,prairiedog,,,,
prairiedog_411_ctrl_one_yr,WY,West and South Central Semiarid Prairies,prairiedog,,,,
Preacher_Creek_unburned_one_yr_1,MT,Western Cordillera,Preacher_Creek_unburned,,,,
Preacher_Creek_unburned_one_yr_2,MT,Western Cordillera,Preacher_Creek_unburned,,,,
Preacher_Creek_unburned_one_yr_3,MT,Western Cordillera,Preacher_Creek_unburned,,,,
Preacher_Creek_unburned_one_yr_4,MT,Western Cordillera,Preacher_Creek_unburned,,,,
Preacher_Creek_unburned_one_yr_5,MT,Western Cordillera,Preacher_Creek_unburned,,,,
Red_Bluff_1_ctrl_one_yr,MT,Western Cordillera,Red_Bluff,,,,
Red_Bluff_2_ctrl_one_yr,MT,Western Cordillera,Red_Bluff,,,,
Red_Bluff_3_ctrl_one_yr,MT,Western Cordillera,Red_Bluff,,,,
Red_Bluff_climate_1_ctrl_one_yr,MT,Western Cordillera,Red_Bluff_climate,,,,
Red_Bluff_climate_113_ctrl_one_yr,MT,Western Cordillera,Red_Bluff_climate,,,,
Red_Bluff_climate_114_ctrl_one_yr,MT,Western Cordillera,Red_Bluff_climate,,,,
Red_Bluff_climate_117_ctrl_one_yr,MT,Western Cordillera,Red_Bluff_climate,,,,
Red_Bluff_climate_17_ctrl_one_yr,MT,Western Cordillera,Red_Bluff_climate,,,,
Red_Bluff_climate_22_ctrl_one_yr,MT,Western Cordillera,Red_Bluff_climate,,,,
Red_Bluff_climate_23_ctrl_one_yr,MT,Western Cordillera,Red_Bluff_climate,,,,
Red_Bluff_climate_24_ctrl_one_yr,MT,Western Cordillera,Red_Bluff_climate,,,,
Red_Bluff_climate_3_ctrl_one_yr,MT,Western Cordillera,Red_Bluff_climate,,,,
Red_Bluff_climate_35_ctrl_one_yr,MT,Western Cordillera,Red_Bluff_climate,,,,
Red_Bluff_climate_38_ctrl_one_yr,MT,Western Cordillera,Red_Bluff_climate,,,,
Red_Bluff_climate_58_ctrl_one_yr,MT,Western Cordillera,Red_Bluff_climate,,,,
Red_Bluff_climate_62_ctrl_one_yr,MT,Western Cordillera,Red_Bluff_climate,,,,
Red_Bluff_climate_63_ctrl_one_yr,MT,Western Cordillera,Red_Bluff_climate,,,,
Red_Bluff_climate_64_ctrl_one_yr,MT,Western Cordillera,Red_Bluff_climate,,,,
Red_Bluff_climate_69_ctrl_one_yr,MT,Western Cordillera,Red_Bluff_climate,,,,
Red_Bluff_climate_73_ctrl_one_yr,MT,Western Cordillera,Red_Bluff_climate,,,,
Red_Bluff_climate_74_ctrl_one_yr,MT,Western Cordillera,Red_Bluff_climate,,,,
Red_Bluff_climate_80_ctrl_one_yr,MT,Western Cordillera,Red_Bluff_climate,,,,
Red_Bluff_climate_82_ctrl_one_yr,MT,Western Cordillera,Red_Bluff_climate,,,,
Red_Bluff_climate_89_ctrl_one_yr,MT,Western Cordillera,Red_Bluff_climate,,,,
Red_Bluff_climate_92_ctrl_one_yr,MT,Western Cordillera,Red_Bluff_climate,,,,
Red_Bluff_unburned_one_yr_1,MT,Western Cordillera,Red_Bluff_unburned,,,,
Red_Bluff_unburned_one_yr_2,MT,Western Cordillera,Red_Bluff_unburned,,,,
Red_Bluff_unburned_one_yr_3,MT,Western Cordillera,Red_Bluff_unburned,,,,
Red_Bluff_unburned_one_yr_4,MT,Western Cordillera,Red_Bluff_unburned,,,,
Red_Bluff_unburned_one_yr_5,MT,Western Cordillera,Red_Bluff_unburned,,,,
reeds_grove_1_ctrl_one_yr,ID,Western Cordillera,reeds_grove,,,,
reeds_grove_2_ctrl_one_yr,ID,Western Cordillera,reeds_grove,,,,
reeds_grove_3_ctrl_one_yr,ID,Western Cordillera,reeds_grove,,,,
reeds_grove_lower_1_ctrl_one_yr,ID,Western Cordillera,reeds_grove,,,,
reeds_grove_lower_2_ctrl_one_yr,ID,Western Cordillera,reeds_grove,,,,
reeds_grove_lower_3_ctrl_one_yr,ID,Western Cordillera,reeds_grove,,,,
Rinker_Rock_1_near_one_yr_ctrl,ID,Western Cordillera,Rinker_Rock,,,,
Rinker_Rock_1_near_one_yr_ctrl,ID,Western Cordillera,Rinker_Rock,,,,
Rinker_Rock_2_far_one_yr_ctrl,ID,Western Cordillera,Rinker_Rock,,,,
Rinker_Rock_2_far_one_yr_ctrl,ID,Western Cordillera,Rinker_Rock,,,,
Rinker_Rock_201_near_one_yr_ctrl,ID,Western Cordillera,Rinker_Rock,,,,
Rinker_Rock_201_near_one_yr_ctrl,ID,Western Cordillera,Rinker_Rock,,,,
Rinker_Rock_202_far_one_yr_ctrl,ID,Western Cordillera,Rinker_Rock,,,,
Rinker_Rock_202_far_one_yr_ctrl,ID,Western Cordillera,Rinker_Rock,,,,
Rinker_Rock_203_near_one_yr_ctrl,ID,Western Cordillera,Rinker_Rock,,,,
Rinker_Rock_203_near_one_yr_ctrl,ID,Western Cordillera,Rinker_Rock,,,,
Rinker_Rock_204_far_one_yr_ctrl,ID,Western Cordillera,Rinker_Rock,,,,
Rinker_Rock_204_far_one_yr_ctrl,ID,Western Cordillera,Rinker_Rock,,,,
Rinker_Rock_205_near_one_yr_ctrl,ID,Western Cordillera,Rinker_Rock,,,,
Rinker_Rock_205_near_one_yr_ctrl,ID,Western Cordillera,Rinker_Rock,,,,
Rinker_Rock_206_far_one_yr_ctrl,ID,Western Cordillera,Rinker_Rock,,,,
Rinker_Rock_206_far_one_yr_ctrl,ID,Western Cordillera,Rinker_Rock,,,,
Rinker_Rock_3_near_one_yr_ctrl,ID,Western Cordillera,Rinker_Rock,,,,
Rinker_Rock_3_near_one_yr_ctrl,ID,Western Cordillera,Rinker_Rock,,,,
Rinker_Rock_4_far_one_yr_ctrl,ID,Western Cordillera,Rinker_Rock,,,,
Rinker_Rock_4_far_one_yr_ctrl,ID,Western Cordillera,Rinker_Rock,,,,
Rinker_Rock_401_near_one_yr_ctrl,ID,Western Cordillera,Rinker_Rock,,,,
Rinker_Rock_401_near_one_yr_ctrl,ID,Western Cordillera,Rinker_Rock,,,,
Rinker_Rock_402_far_one_yr_ctrl,ID,Western Cordillera,Rinker_Rock,,,,
Rinker_Rock_402_far_one_yr_ctrl,ID,Western Cordillera,Rinker_Rock,,,,
Rinker_Rock_403_near_one_yr_ctrl,ID,Western Cordillera,Rinker_Rock,,,,
Rinker_Rock_403_near_one_yr_ctrl,ID,Western Cordillera,Rinker_Rock,,,,
Rinker_Rock_404_far_one_yr_ctrl,ID,Western Cordillera,Rinker_Rock,,,,
Rinker_Rock_404_far_one_yr_ctrl,ID,Western Cordillera,Rinker_Rock,,,,
Rinker_Rock_405_near_one_yr_ctrl,ID,Western Cordillera,Rinker_Rock,,,,
Rinker_Rock_405_near_one_yr_ctrl,ID,Western Cordillera,Rinker_Rock,,,,
Rinker_Rock_406_far_one_yr_ctrl,ID,Western Cordillera,Rinker_Rock,,,,
Rinker_Rock_406_far_one_yr_ctrl,ID,Western Cordillera,Rinker_Rock,,,,
Rinker_Rock_5_near_one_yr_ctrl,ID,Western Cordillera,Rinker_Rock,,,,
Rinker_Rock_5_near_one_yr_ctrl,ID,Western Cordillera,Rinker_Rock,,,,
Rinker_Rock_6_far_one_yr_ctrl,ID,Western Cordillera,Rinker_Rock,,,,
Rinker_Rock_6_far_one_yr_ctrl,ID,Western Cordillera,Rinker_Rock,,,,
Rinker_Rock_601_near_one_yr_ctrl,ID,Western Cordillera,Rinker_Rock,,,,
Rinker_Rock_601_near_one_yr_ctrl,ID,Western Cordillera,Rinker_Rock,,,,
Rinker_Rock_602_far_one_yr_ctrl,ID,Western Cordillera,Rinker_Rock,,,,
Rinker_Rock_602_far_one_yr_ctrl,ID,Western Cordillera,Rinker_Rock,,,,
Rinker_Rock_603_near_one_yr_ctrl,ID,Western Cordillera,Rinker_Rock,,,,
Rinker_Rock_603_near_one_yr_ctrl,ID,Western Cordillera,Rinker_Rock,,,,
Rinker_Rock_604_far_one_yr_ctrl,ID,Western Cordillera,Rinker_Rock,,,,
Rinker_Rock_604_far_one_yr_ctrl,ID,Western Cordillera,Rinker_Rock,,,,
Rinker_Rock_605_near_one_yr_ctrl,ID,Western Cordillera,Rinker_Rock,,,,
Rinker_Rock_605_near_one_yr_ctrl,ID,Western Cordillera,Rinker_Rock,,,,
Rinker_Rock_606_far_one_yr_ctrl,ID,Western Cordillera,Rinker_Rock,,,,
Rinker_Rock_606_far_one_yr_ctrl,ID,Western Cordillera,Rinker_Rock,,,,
Rinker_Rock_607_near_one_yr_ctrl,ID,Western Cordillera,Rinker_Rock,,,,
Rinker_Rock_607_near_one_yr_ctrl,ID,Western Cordillera,Rinker_Rock,,,,
Rinker_Rock_608_far_one_yr_ctrl,ID,Western Cordillera,Rinker_Rock,,,,
Rinker_Rock_608_far_one_yr_ctrl,ID,Western Cordillera,Rinker_Rock,,,,
Rinker_Rock_7_near_one_yr_ctrl,ID,Western Cordillera,Rinker_Rock,,,,
Rinker_Rock_7_near_one_yr_ctrl,ID,Western Cordillera,Rinker_Rock,,,,
Rinker_Rock_8_far_one_yr_ctrl,ID,Western Cordillera,Rinker_Rock,,,,
Rinker_Rock_8_far_one_yr_ctrl,ID,Western Cordillera,Rinker_Rock,,,,
Rocky_Hill_LIDA_ctrl_one_yr_1,MT,Cold Deserts,Rocky_Hill,,,,
Rocky_Hill_LIDA_ctrl_one_yr_2,MT,Cold Deserts,Rocky_Hill,,,,
Rocky_Hill_LIDA_ctrl_one_yr_3,MT,Cold Deserts,Rocky_Hill,,,,
Saratoga_193_ctrl_one_yr,WY,Cold Deserts,Saratoga,,,,
Saratoga_196_ctrl_one_yr,WY,Cold Deserts,Saratoga,,,,
Saratoga_199_ctrl_one_yr,WY,Cold Deserts,Saratoga,,,,
Saratoga_222_ctrl_one_yr,WY,Cold Deserts,Saratoga,,,,
Saratoga_225_ctrl_one_yr,WY,Cold Deserts,Saratoga,,,,
Saratoga_240_ctrl_one_yr,WY,Cold Deserts,Saratoga,,,,
Saratoga_250_ctrl_one_yr,WY,Cold Deserts,Saratoga,,,,
Saratoga_253_ctrl_one_yr,WY,Cold Deserts,Saratoga,,,,
Saratoga_268_ctrl_one_yr,WY,Cold Deserts,Saratoga,,,,
Saratoga_271_ctrl_one_yr,WY,Cold Deserts,Saratoga,,,,
Saratoga_277_ctrl_one_yr,WY,Cold Deserts,Saratoga,,,,
Saratoga_286_ctrl_one_yr,WY,Cold Deserts,Saratoga,,,,
Saratoga_289_ctrl_one_yr,WY,Cold Deserts,Saratoga,,,,
Saratoga_301_ctrl_one_yr,WY,Cold Deserts,Saratoga,,,,
Saratoga_325_ctrl_one_yr,WY,Cold Deserts,Saratoga,,,,
Saratoga_328_ctrl_one_yr,WY,Cold Deserts,Saratoga,,,,
Saratoga_343_ctrl_one_yr,WY,Cold Deserts,Saratoga,,,,
Saratoga_346_ctrl_one_yr,WY,Cold Deserts,Saratoga,,,,
Saratoga_355_ctrl_one_yr,WY,Cold Deserts,Saratoga,,,,
Saratoga_373_ctrl_one_yr,WY,Cold Deserts,Saratoga,,,,
Saratoga_376_ctrl_one_yr,WY,Cold Deserts,Saratoga,,,,
Sas_1_ctrl_one_yr,MT,Western Cordillera,Sas,,,,
Sas_2_ctrl_one_yr,MT,Western Cordillera,Sas,,,,
Sas_3_ctrl_one_yr,MT,Western Cordillera,Sas,,,,
schwenkfelder_1_ctrl_one_yr,ID,Cold Deserts,schwenkfelder,,,,
schwenkfelder_2_ctrl_one_yr,ID,Cold Deserts,schwenkfelder,,,,
schwenkfelder_3_ctrl_one_yr,ID,Cold Deserts,schwenkfelder,,,,
Sheridan_613_ctrl_one_yr,WY,West and South Central Semiarid Prairies,Sheridan,,,,
Sheridan_619_ctrl_one_yr,WY,West and South Central Semiarid Prairies,Sheridan,,,,
Sheridan_631_ctrl_one_yr,WY,West and South Central Semiarid Prairies,Sheridan,,,,
Sheridan_637_ctrl_one_yr,WY,West and South Central Semiarid Prairies,Sheridan,,,,
Sheridan_648_ctrl_one_yr,WY,West and South Central Semiarid Prairies,Sheridan,,,,
Sheridan_655_ctrl_one_yr,WY,West and South Central Semiarid Prairies,Sheridan,,,,
Sheridan_667_ctrl_one_yr,WY,West and South Central Semiarid Prairies,Sheridan,,,,
Sheridan_676_ctrl_one_yr,WY,West and South Central Semiarid Prairies,Sheridan,,,,
Sheridan_679_ctrl_one_yr,WY,West and South Central Semiarid Prairies,Sheridan,,,,
Sheridan_688_ctrl_one_yr,WY,West and South Central Semiarid Prairies,Sheridan,,,,
Sheridan_691_ctrl_one_yr,WY,West and South Central Semiarid Prairies,Sheridan,,,,
Sheridan_700_ctrl_one_yr,WY,West and South Central Semiarid Prairies,Sheridan,,,,
Sheridan_709_ctrl_one_yr,WY,West and South Central Semiarid Prairies,Sheridan,,,,
Sheridan_721_ctrl_one_yr,WY,West and South Central Semiarid Prairies,Sheridan,,,,
Sheridan_727_ctrl_one_yr,WY,West and South Central Semiarid Prairies,Sheridan,,,,
Sheridan_739_ctrl_one_yr,WY,West and South Central Semiarid Prairies,Sheridan,,,,
Sheridan_751_ctrl_one_yr,WY,West and South Central Semiarid Prairies,Sheridan,,,,
Sheridan_772_ctrl_one_yr,WY,West and South Central Semiarid Prairies,Sheridan,,,,
sparta_1_ctrl_one_yr,OR,Western Cordillera,sparta,,,,
sparta_2_ctrl_one_yr,OR,Western Cordillera,sparta,,,,
sparta_3_ctrl_one_yr,OR,Western Cordillera,sparta,,,,
spring_creek_5G1__ctrl_one_yr,MT,West and South Central Semiarid Prairies,spring,,,,
spring_creek_5G2__ctrl_one_yr,MT,West and South Central Semiarid Prairies,spring,,,,
spring_creek_6E1__ctrl_one_yr,MT,West and South Central Semiarid Prairies,spring,,,,
spring_creek_6E2__ctrl_one_yr,MT,West and South Central Semiarid Prairies,spring,,,,
spring_creek_6E3__ctrl_one_yr,MT,West and South Central Semiarid Prairies,spring,,,,
spring_creek_7E1__ctrl_one_yr,MT,West and South Central Semiarid Prairies,spring,,,,
Strawberry_Lookout_LIDA_ctrl_one_yr_1,MT,Cold Deserts,Strawberry,,,,
Strawberry_Lookout_LIDA_ctrl_one_yr_2,MT,Cold Deserts,Strawberry,,,,
Top_2_ctrl_one_yr,WY,West and South Central Semiarid Prairies,WY-bottom_top_drawer_bunker,,,,
whiskey_hill_1_ctrl_one_yr,ID,Cold Deserts,whiskey_hill,,,,
whiskey_hill_2_ctrl_one_yr,ID,Cold Deserts,whiskey_hill,,,,
whiskey_hill_3_ctrl_one_yr,ID,Cold Deserts,whiskey_hill,,,,
wolf_101_ctrl_one_yr,WY,West and South Central Semiarid Prairies,wolf,,,,
wolf_203_ctrl_one_yr,WY,West and South Central Semiarid Prairies,wolf,,,,
wolf_301_ctrl_one_yr,WY,West and South Central Semiarid Prairies,wolf,,,,
wolf_411_ctrl_one_yr,WY,West and South Central Semiarid Prairies,wolf,,,,
